{"cameraMode":{"drawMode":0,"name":"Shaded","section":"Shading Mode"},"sceneLighting":true,"audioPlay":false,"sceneViewState":{"showFog":true,"showMaterialUpdate":false,"showSkybox":true,"showFlares":true,"showImageEffects":true,"showParticleSystems":true},"in2DMode":false,"pivot":{"x":6.040055274963379,"y":1.9052202701568604,"z":-7.242264270782471},"rotation":{"x":-0.17329025268554688,"y":-0.03928757831454277,"z":0.0069184498861432079,"w":-0.9840623140335083},"size":3.751983404159546,"orthographic":false}