{"cameraMode":{"drawMode":0,"name":"Shaded","section":"Shading Mode"},"sceneLighting":false,"audioPlay":false,"sceneViewState":{"showFog":true,"showMaterialUpdate":false,"showSkybox":false,"showFlares":true,"showImageEffects":true,"showParticleSystems":true},"in2DMode":false,"pivot":{"x":0.005747117102146149,"y":-0.028599321842193605,"z":0.44317126274108889},"rotation":{"x":-0.17550793290138246,"y":0.09787383675575257,"z":-0.017538096755743028,"w":-0.9794437289237976},"size":1.4386916160583497,"orthographic":false}